Protein.IDs	Gene	GO_ID	GO_Term	FoldEnrichment	p.adjust
Q9BUT1;Q9BUT1-2;Q9BUT1-3	BDH2	GO:0032787	monocarboxylic acid metabolic process	3.0557001561686623	0.0044028021418512815
P51648;P51648-2	ALDH3A2	GO:0032787	monocarboxylic acid metabolic process	3.0557001561686623	0.0044028021418512815
O15427	SLC16A3	GO:0032787	monocarboxylic acid metabolic process	3.0557001561686623	0.0044028021418512815
P09936	UCHL1	GO:0032787	monocarboxylic acid metabolic process	3.0557001561686623	0.0044028021418512815
P05165-2;P05165;P05165-3	PCCA	GO:0032787	monocarboxylic acid metabolic process	3.0557001561686623	0.0044028021418512815
Q9ULC5-3;Q9ULC5;Q9ULC5-4	ACSL5	GO:0032787	monocarboxylic acid metabolic process	3.0557001561686623	0.0044028021418512815
Q9BW60;Q9BW60-2	ELOVL1	GO:0032787	monocarboxylic acid metabolic process	3.0557001561686623	0.0044028021418512815
O60825-2;O60825;Q16875-3;Q16875-2;Q16875;Q16875-4;P16118-2;Q16877-2;Q16877-3;Q16877	PFKFB2	GO:0032787	monocarboxylic acid metabolic process	3.0557001561686623	0.0044028021418512815
P42765	ACAA2	GO:0032787	monocarboxylic acid metabolic process	3.0557001561686623	0.0044028021418512815
P31751;P31751-2	AKT2	GO:0032787	monocarboxylic acid metabolic process	3.0557001561686623	0.0044028021418512815
P07099	EPHX1	GO:0032787	monocarboxylic acid metabolic process	3.0557001561686623	0.0044028021418512815
P23219-3;P23219-2;P23219;P23219-6;P23219-5;P23219-4	PTGS1	GO:0032787	monocarboxylic acid metabolic process	3.0557001561686623	0.0044028021418512815
P43155-2;P43155;P43155-3	CRAT	GO:0032787	monocarboxylic acid metabolic process	3.0557001561686623	0.0044028021418512815
O75521-2;O75521	ECI2	GO:0032787	monocarboxylic acid metabolic process	3.0557001561686623	0.0044028021418512815
P11498;P11498-2	PC	GO:0032787	monocarboxylic acid metabolic process	3.0557001561686623	0.0044028021418512815
P42330	AKR1C3	GO:0032787	monocarboxylic acid metabolic process	3.0557001561686623	0.0044028021418512815
P16930;P16930-2	FAH	GO:0032787	monocarboxylic acid metabolic process	3.0557001561686623	0.0044028021418512815
Q16647	PTGIS	GO:0032787	monocarboxylic acid metabolic process	3.0557001561686623	0.0044028021418512815
P07195	LDHB	GO:0032787	monocarboxylic acid metabolic process	3.0557001561686623	0.0044028021418512815
Q92947;Q92947-2	GCDH	GO:0032787	monocarboxylic acid metabolic process	3.0557001561686623	0.0044028021418512815
P06702	S100A9	GO:0042742	defense response to bacterium	4.828867007353857	0.006910284137117627
P05109	S100A8	GO:0042742	defense response to bacterium	4.828867007353857	0.006910284137117627
P80511	S100A12	GO:0042742	defense response to bacterium	4.828867007353857	0.006910284137117627
P05161	ISG15	GO:0042742	defense response to bacterium	4.828867007353857	0.006910284137117627
Q9Y6K5	OAS3	GO:0042742	defense response to bacterium	4.828867007353857	0.006910284137117627
P61626	LYZ	GO:0042742	defense response to bacterium	4.828867007353857	0.006910284137117627
P02788;P02788-2;CON__Q29443;CON__Q0IIK2	LTF	GO:0042742	defense response to bacterium	4.828867007353857	0.006910284137117627
P12429	ANXA3	GO:0042742	defense response to bacterium	4.828867007353857	0.006910284137117627
P20160	AZU1	GO:0042742	defense response to bacterium	4.828867007353857	0.006910284137117627
P80188;P80188-2	LCN2	GO:0042742	defense response to bacterium	4.828867007353857	0.006910284137117627
Q63HN8;Q63HN8-4;Q63HN8-5;Q63HN8-6	RNF213	GO:0042742	defense response to bacterium	4.828867007353857	0.006910284137117627
Q9BUT1;Q9BUT1-2;Q9BUT1-3	BDH2	GO:0072329	monocarboxylic acid catabolic process	5.844026548672566	0.006910854655221261
O15427	SLC16A3	GO:0072329	monocarboxylic acid catabolic process	5.844026548672566	0.006910854655221261
P05165-2;P05165;P05165-3	PCCA	GO:0072329	monocarboxylic acid catabolic process	5.844026548672566	0.006910854655221261
P42765	ACAA2	GO:0072329	monocarboxylic acid catabolic process	5.844026548672566	0.006910854655221261
P31751;P31751-2	AKT2	GO:0072329	monocarboxylic acid catabolic process	5.844026548672566	0.006910854655221261
P43155-2;P43155;P43155-3	CRAT	GO:0072329	monocarboxylic acid catabolic process	5.844026548672566	0.006910854655221261
O75521-2;O75521	ECI2	GO:0072329	monocarboxylic acid catabolic process	5.844026548672566	0.006910854655221261
P16930;P16930-2	FAH	GO:0072329	monocarboxylic acid catabolic process	5.844026548672566	0.006910854655221261
Q92947;Q92947-2	GCDH	GO:0072329	monocarboxylic acid catabolic process	5.844026548672566	0.006910854655221261
Q9BUT1;Q9BUT1-2;Q9BUT1-3	BDH2	GO:0016042	lipid catabolic process	4.15575221238938	0.007936735934296573
Q92485;Q92485-2	SMPDL3B	GO:0016042	lipid catabolic process	4.15575221238938	0.007936735934296573
P05165-2;P05165;P05165-3	PCCA	GO:0016042	lipid catabolic process	4.15575221238938	0.007936735934296573
Q6PIU2;Q6PIU2-2;Q6PIU2-3	NCEH1	GO:0016042	lipid catabolic process	4.15575221238938	0.007936735934296573
P42765	ACAA2	GO:0016042	lipid catabolic process	4.15575221238938	0.007936735934296573
P31751;P31751-2	AKT2	GO:0016042	lipid catabolic process	4.15575221238938	0.007936735934296573
P43155-2;P43155;P43155-3	CRAT	GO:0016042	lipid catabolic process	4.15575221238938	0.007936735934296573
O75521-2;O75521	ECI2	GO:0016042	lipid catabolic process	4.15575221238938	0.007936735934296573
Q9BZK7	TBL1XR1	GO:0016042	lipid catabolic process	4.15575221238938	0.007936735934296573
Q99735;Q99735-2	MGST2	GO:0016042	lipid catabolic process	4.15575221238938	0.007936735934296573
P42330	AKR1C3	GO:0016042	lipid catabolic process	4.15575221238938	0.007936735934296573
Q92947;Q92947-2	GCDH	GO:0016042	lipid catabolic process	4.15575221238938	0.007936735934296573
Q9BUT1;Q9BUT1-2;Q9BUT1-3	BDH2	GO:0006631	fatty acid metabolic process	3.3825890100843794	0.014414466893474448
P51648;P51648-2	ALDH3A2	GO:0006631	fatty acid metabolic process	3.3825890100843794	0.014414466893474448
P05165-2;P05165;P05165-3	PCCA	GO:0006631	fatty acid metabolic process	3.3825890100843794	0.014414466893474448
Q9ULC5-3;Q9ULC5;Q9ULC5-4	ACSL5	GO:0006631	fatty acid metabolic process	3.3825890100843794	0.014414466893474448
Q9BW60;Q9BW60-2	ELOVL1	GO:0006631	fatty acid metabolic process	3.3825890100843794	0.014414466893474448
P42765	ACAA2	GO:0006631	fatty acid metabolic process	3.3825890100843794	0.014414466893474448
P31751;P31751-2	AKT2	GO:0006631	fatty acid metabolic process	3.3825890100843794	0.014414466893474448
P07099	EPHX1	GO:0006631	fatty acid metabolic process	3.3825890100843794	0.014414466893474448
P23219-3;P23219-2;P23219;P23219-6;P23219-5;P23219-4	PTGS1	GO:0006631	fatty acid metabolic process	3.3825890100843794	0.014414466893474448
P43155-2;P43155;P43155-3	CRAT	GO:0006631	fatty acid metabolic process	3.3825890100843794	0.014414466893474448
O75521-2;O75521	ECI2	GO:0006631	fatty acid metabolic process	3.3825890100843794	0.014414466893474448
P42330	AKR1C3	GO:0006631	fatty acid metabolic process	3.3825890100843794	0.014414466893474448
Q16647	PTGIS	GO:0006631	fatty acid metabolic process	3.3825890100843794	0.014414466893474448
Q92947;Q92947-2	GCDH	GO:0006631	fatty acid metabolic process	3.3825890100843794	0.014414466893474448
P41743	PRKCI	GO:1905477	positive regulation of protein localization to membrane	5.8966754364984455	0.030236117414756833
P26006;P26006-1	ITGA3	GO:1905477	positive regulation of protein localization to membrane	5.8966754364984455	0.030236117414756833
O95994	AGR2	GO:1905477	positive regulation of protein localization to membrane	5.8966754364984455	0.030236117414756833
Q13501;Q13501-2	SQSTM1	GO:1905477	positive regulation of protein localization to membrane	5.8966754364984455	0.030236117414756833
Q12955-4;Q12955-5;Q12955-6	ANK3	GO:1905477	positive regulation of protein localization to membrane	5.8966754364984455	0.030236117414756833
P31751;P31751-2	AKT2	GO:1905477	positive regulation of protein localization to membrane	5.8966754364984455	0.030236117414756833
Q9Y4F1;Q9Y4F1-2;Q9Y4F1-3	FARP1	GO:1905477	positive regulation of protein localization to membrane	5.8966754364984455	0.030236117414756833
Q9BUT1;Q9BUT1-2;Q9BUT1-3	BDH2	GO:0030258	lipid modification	4.88912024986986	0.03170958006928496
Q6P1A2;Q6P1A2-2	LPCAT3	GO:0030258	lipid modification	4.88912024986986	0.03170958006928496
P42765	ACAA2	GO:0030258	lipid modification	4.88912024986986	0.03170958006928496
P31751;P31751-2	AKT2	GO:0030258	lipid modification	4.88912024986986	0.03170958006928496
P43155-2;P43155;P43155-3	CRAT	GO:0030258	lipid modification	4.88912024986986	0.03170958006928496
O75521-2;O75521	ECI2	GO:0030258	lipid modification	4.88912024986986	0.03170958006928496
Q63HN8;Q63HN8-4;Q63HN8-5;Q63HN8-6	RNF213	GO:0030258	lipid modification	4.88912024986986	0.03170958006928496
Q92947;Q92947-2	GCDH	GO:0030258	lipid modification	4.88912024986986	0.03170958006928496
Q9BUT1;Q9BUT1-2;Q9BUT1-3	BDH2	GO:0009062	fatty acid catabolic process	5.321390028059573	0.04327929256360158
P05165-2;P05165;P05165-3	PCCA	GO:0009062	fatty acid catabolic process	5.321390028059573	0.04327929256360158
P42765	ACAA2	GO:0009062	fatty acid catabolic process	5.321390028059573	0.04327929256360158
P31751;P31751-2	AKT2	GO:0009062	fatty acid catabolic process	5.321390028059573	0.04327929256360158
P43155-2;P43155;P43155-3	CRAT	GO:0009062	fatty acid catabolic process	5.321390028059573	0.04327929256360158
O75521-2;O75521	ECI2	GO:0009062	fatty acid catabolic process	5.321390028059573	0.04327929256360158
Q92947;Q92947-2	GCDH	GO:0009062	fatty acid catabolic process	5.321390028059573	0.04327929256360158
