ID	Description	GeneRatio	BgRatio	RichFactor	FoldEnrichment	zScore	pvalue	p.adjust	qvalue	geneID	Count
GO:0032787	monocarboxylic acid metabolic process	20/113	204/3522	0.09803921568627451	3.0557001561686623	5.506750443004956	4.7336716239671144e-6	0.0044028021418512815	0.004121870879706299	BDH2/ALDH3A2/SLC16A3/UCHL1/PCCA/ACSL5/ELOVL1/PFKFB2/ACAA2/AKT2/EPHX1/PTGS1/CRAT/ECI2/PC/AKR1C3/FAH/PTGIS/LDHB/GCDH	20
GO:0042742	defense response to bacterium	11/113	71/3522	0.15492957746478872	4.828867007353857	5.933155217940991	1.1523542196416277e-5	0.006910284137117627	0.006469357022549489	S100A9/S100A8/S100A12/ISG15/OAS3/LYZ/LTF/ANXA3/AZU1/LCN2/RNF213	11
GO:0072329	monocarboxylic acid catabolic process	9/113	48/3522	0.1875	5.844026548672566	6.151357390255493	1.536599145129797e-5	0.006910854655221261	0.006469891137388618	BDH2/SLC16A3/PCCA/ACAA2/AKT2/CRAT/ECI2/FAH/GCDH	9
GO:0016042	lipid catabolic process	12/113	90/3522	0.13333333333333333	4.15575221238938	5.520891906176222	2.2058743563914875e-5	0.007936735934296573	0.007430313621529221	BDH2/SMPDL3B/PCCA/NCEH1/ACAA2/AKT2/CRAT/ECI2/TBL1XR1/MGST2/AKR1C3/GCDH	12
GO:0006631	fatty acid metabolic process	14/113	129/3522	0.10852713178294573	3.3825890100843794	5.018926009345698	4.807493127340005e-5	0.014414466893474448	0.013494717550428083	BDH2/ALDH3A2/PCCA/ACSL5/ELOVL1/ACAA2/AKT2/EPHX1/PTGS1/CRAT/ECI2/AKR1C3/PTGIS/GCDH	14
GO:1905477	positive regulation of protein localization to membrane	7/113	37/3522	0.1891891891891892	5.8966754364984455	5.45079091457069	1.3476746750309043e-4	0.030236117414756833	0.02830683003049117	PRKCI/ITGA3/AGR2/SQSTM1/ANK3/AKT2/FARP1	7
GO:0030258	lipid modification	8/113	51/3522	0.1568627450980392	4.88912024986986	5.09293210363641	1.7626225719446893e-4	0.03170958006928496	0.029686274895910556	BDH2/LPCAT3/ACAA2/AKT2/CRAT/ECI2/RNF213/GCDH	8
GO:0009062	fatty acid catabolic process	7/113	41/3522	0.17073170731707318	5.321390028059573	5.066664130203322	2.6463158321268337e-4	0.04327929256360158	0.04051775436749219	BDH2/PCCA/ACAA2/AKT2/CRAT/ECI2/GCDH	7
