Protein.IDs	Tissue	n_detected	mean_log2_LFQ	Gene.names	Protein.names
A0A0B4J1X8	HGSC	7	-2.2141088889909946	IGHV3-43	
A0A0C4DH72;P01599	Fallopian	3	-1.2272605572587711	IGKV1-6	Ig kappa chain V-I region Gal
A4D1E9;A4D1E9-2	HGSC	7	-2.8547221381936008	GTPBP10	GTP-binding protein 10
A5D8V6	EC	7	-3.7956962277223503	VPS37C	Vacuolar protein sorting-associated protein 37C
A6NIH7;Q13432-2;Q13432	EC	9	-1.6120811036934124	UNC119B	Protein unc-119 homolog B
A6NMB1	HGSC	9	1.8476992852047125	SIGLEC16	Sialic acid-binding Ig-like lectin 16
A7E2Y1	HGSC	7	-0.870669138019702	MYH7B	Myosin-7B
C9JLW8	HGSC	7	-2.279379483136313	FAM195B	Protein FAM195B
CON__O43790;O43790;CON__Q14533;Q14533;CON__P78385;A6NCN2	EC	7	-2.3808733080417985	KRT86;KRT81	Keratin, type II cuticular Hb6;Keratin, type II cuticular Hb1
CON__Q28107	EC	8	-2.889101379251985		
CON__Q2UVX4	Fallopian	3	-4.097488527237416		
CON__Q5D862;Q5D862	Fallopian	3	-6.6526835305541026	FLG2	Filaggrin-2
O00470;O00470-2;O14770-6;Q99687-3;Q99687;O14770-7;O14770-8;O14770-3;O14770-2;Q99687-2;O14770-4;O14770;A6NDR6;O14770-5	HGSC	7	-1.9932698388541479	MEIS1	Homeobox protein Meis1
O00479	Fallopian	3	-5.641062990767431	HMGN4	High mobility group nucleosome-binding domain-containing protein 4
O00560-2	EC	8	-2.7747033193179433	SDCBP	Syntenin-1
O00712;O00712-5;O00712-4;O00712-2;O00712-6	HGSC	8	-2.7416646810459353	NFIB	Nuclear factor 1 B-type
O14497;O14497-3;O14497-2	HGSC	8	-3.7540860078854874	ARID1A	AT-rich interactive domain-containing protein 1A
O14519-2;O14519	EC	10	-4.902872258975221	CDK2AP1	Cyclin-dependent kinase 2-associated protein 1
O14683	HGSC	9	-2.27246050676675	TP53I11	Tumor protein p53-inducible protein 11
O14772;O14772-2;Q59H18-3;Q59H18-4;Q59H18-1;O14772-3	EC	8	-3.4623343693906112	FPGT	Fucose-1-phosphate guanylyltransferase
O14802	HGSC	8	-4.019733258315325	POLR3A	DNA-directed RNA polymerase III subunit RPC1
O14817	Fallopian	3	-2.9261610723638207	TSPAN4	Tetraspanin-4
O14896;O14896-2	EC	9	-2.172349264397229	IRF6	Interferon regulatory factor 6
O14920-4;O14920-2;O14920;O14920-3	HGSC	8	-3.4389925015181815	IKBKB	Inhibitor of nuclear factor kappa-B kinase subunit beta
O15091-2;O15091;O15091-4;O15091-3	EC	7	-2.9241435276782632	KIAA0391	Mitochondrial ribonuclease P protein 3
O15116	EC	9	-2.1310135472796476	LSM1	U6 snRNA-associated Sm-like protein LSm1
O15155;O15155-2	HGSC	8	-2.3057882214847063	BET1	BET1 homolog
O15264;O15264-2	EC	8	-3.241579923862437	MAPK13	Mitogen-activated protein kinase 13
O15270	HGSC	7	-1.3760841830892936	SPTLC2	Serine palmitoyltransferase 2
O15357;O15357-2	HGSC	10	-2.364080093875224	INPPL1	Phosphatidylinositol 3,4,5-trisphosphate 5-phosphatase 2
O15484	Fallopian	3	-2.30925540466094	CAPN5	Calpain-5
O43159	HGSC	7	-2.939369484366696	RRP8	Ribosomal RNA-processing protein 8
O43390-2;O43390-4	EC	9	-1.8705301850987144	HNRNPR	Heterogeneous nuclear ribonucleoprotein R
O43490-2;O43490;O43490-4;O43490-7;O43490-5;O43490-3;O43490-6	EC	9	0.11339738175872215	PROM1	Prominin-1
O43491-4	EC	9	-1.9773464082100642	EPB41L2	Band 4.1-like protein 2
O43657	HGSC	8	-2.204534168175862	TSPAN6	Tetraspanin-6
O43688;O43688-2;O43688-3	EC	9	-1.310848822032873	PPAP2C	Lipid phosphate phosphohydrolase 2
O43731;O43731-2	EC	7	-3.537378041273538	KDELR3	ER lumen protein-retaining receptor 3
O43823	HGSC	9	-2.293959000922617	AKAP8	A-kinase anchor protein 8
O60231	HGSC	7	-3.365179925622131	DHX16	Putative pre-mRNA-splicing factor ATP-dependent RNA helicase DHX16
O60232	EC	7	-2.371180292183624	SSSCA1	Sjoegren syndrome/scleroderma autoantigen 1
O60238-2;O60238;Q12983	EC	7	-2.9843288142165427	BNIP3L;BNIP3	BCL2/adenovirus E1B 19 kDa protein-interacting protein 3-like;BCL2/adenovirus E1B 19 kDa protein-interacting protein 3
O60245;O60245-2	Fallopian	3	1.0175567516264874	PCDH7	Protocadherin-7
O60361	EC	10	-3.051418528001687	NME2P1	Putative nucleoside diphosphate kinase
O60443;O60443-2;O60443-3	HGSC	7	-2.4222139783478975	DFNA5	Non-syndromic hearing impairment protein 5
O60449;O60449-2;O60449-3	EC	8	0.3255764616887671	LY75	Lymphocyte antigen 75
O60462-4;O60462-5;O60462-2;O60462-3;O60462;O60462-6	Fallopian	3	-1.67102962827551	NRP2	Neuropilin-2
O60476	HGSC	7	-3.263589589786854	MAN1A2	Mannosyl-oligosaccharide 1,2-alpha-mannosidase IB
O60524-4;O60524-5;O60524-3;O60524;O60524-2	HGSC	7	-2.7246249537759026	NEMF	Nuclear export mediator factor NEMF
O60635	EC	8	-1.4022478334255886	TSPAN1	Tetraspanin-1
O75146;O75146-2	EC	8	-2.4378791867521548	HIP1R	Huntingtin-interacting protein 1-related protein
O75151;Q9UPP1-5;Q9UPP1-4;Q9UPP1-3;Q9UPP1-2;Q9UPP1	Fallopian	3	-2.9191366739576026	PHF2	Lysine-specific demethylase PHF2
O75355;O75355-2	EC	8	-2.326547379657898	ENTPD3	Ectonucleoside triphosphate diphosphohydrolase 3
O75410-3;O75410-7;O75410;O75410-2;O75410-5;O75410-4;O75410-6;O75410-8	EC	7	-2.7224792980094685	TACC1	Transforming acidic coiled-coil-containing protein 1
O75554-2;O75554	HGSC	7	0.8645101830282533	WBP4	WW domain-binding protein 4
O75556	EC	8	1.0062561919841833	SCGB2A1	Mammaglobin-B
O75717-2;O75717	HGSC	8	-4.500365695998539	WDHD1	WD repeat and HMG-box DNA-binding protein 1
O75781;O75781-2	Fallopian	3	-2.5991139614298064	PALM	Paralemmin-1
O75818-2;O75818	HGSC	7	-3.7075496284941254	RPP40	Ribonuclease P protein subunit p40
O75879	HGSC	8	-3.6962241468483357	GATB	Glutamyl-tRNA(Gln) amidotransferase subunit B, mitochondrial
O75882-3;O75882-2;O75882	EC	10	-1.9025604042656468	ATRN	Attractin
O75907	HGSC	7	-3.074314964004086	DGAT1	Diacylglycerol O-acyltransferase 1
O75954	Fallopian	3	-3.025138284067932	TSPAN9	Tetraspanin-9
O75995	EC	7	-1.41206540449743	SASH3	SAM and SH3 domain-containing protein 3
O76054-5;O76054;O76054-4;Q9UDX4-3;Q9UDX4-2;Q9UDX4	EC	8	-2.1957817378082023	SEC14L2	SEC14-like protein 2
O76061	EC	7	-3.610746662595555	STC2	Stanniocalcin-2
O76062;O76062-2	EC	7	-3.1487561471941525	TM7SF2	Delta(14)-sterol reductase
O76075;O76075-2	EC	7	-3.026779408951676	DFFB	DNA fragmentation factor subunit beta
O94769;O94769-2	EC	7	-4.16959822585183	ECM2	Extracellular matrix protein 2
O94864-4;O94864-2;O94864	EC	8	-4.302180170905496	SUPT7L	STAGA complex 65 subunit gamma
O94886	EC	9	-1.1075616042916592	TMEM63A	CSC1-like protein 1
O95049-5;O95049;O95049-4;O95049-3	EC	10	-2.164805934636568	TJP3	Tight junction protein ZO-3
O95136	EC	8	-4.821476994265548	S1PR2	Sphingosine 1-phosphate receptor 2
O95149	HGSC	7	-2.4198314016562703	SNUPN	Snurportin-1
O95347;O95347-2	HGSC	8	-1.6788960563878592	SMC2	Structural maintenance of chromosomes protein 2
O95396	HGSC	7	-2.453405699016803	MOCS3	Adenylyltransferase and sulfurtransferase MOCS3;Molybdopterin-synthase adenylyltransferase;Molybdopterin-synthase sulfurtransferase
O95497;Q9NY84-5;Q9NY84-2;Q9NY84	EC	9	-6.007851987587933	VNN1	Pantetheinase
O95684-2;O95684;O95684-3	HGSC	8	-3.0626805642056776	FGFR1OP	FGFR1 oncogene partner
O95707	Fallopian	3	-7.041275209943135	POP4	Ribonuclease P protein subunit p29
O95757	HGSC	9	-1.4075216329190892	HSPA4L	Heat shock 70 kDa protein 4L
O95759	EC	8	-6.064361431834435	TBC1D8	TBC1 domain family member 8
O95848	HGSC	9	-2.360490612892338	NUDT14	Uridine diphosphate glucose pyrophosphatase
O95857	EC	8	-2.1257419809358096	TSPAN13	Tetraspanin-13
O95999	EC	9	-3.3555333469763173	BCL10	B-cell lymphoma/leukemia 10
P00156	HGSC	8	-1.8814169349934247	MT-CYB	Cytochrome b
P00325;P00325-2;P08319;P08319-2	Fallopian	3	0.01044725847966769	ADH1B	Alcohol dehydrogenase 1B
P00813	HGSC	9	-1.6363632816156912	ADA	Adenosine deaminase
P01040	EC	7	-2.6793064191581863	CSTA	Cystatin-A;Cystatin-A, N-terminally processed
P01344;P01344-2;P01344-3	HGSC	7	-1.852888566129964	IGF2	Insulin-like growth factor II;Insulin-like growth factor II;Insulin-like growth factor II Ala-25 Del;Preptin
P01703	HGSC	8	-2.13603825568161		Ig lambda chain V-I region NEWM
P01766	HGSC	7	-2.8694427424976943		Ig heavy chain V-III region BRO
P01880;P01880-2	EC	7	-0.9284427806873005	IGHD	Ig delta chain C region
P01920;P05538-2;P05538	EC	8	-0.569572638265095	HLA-DQB1	HLA class II histocompatibility antigen, DQ beta 1 chain
P02741;P02741-2	HGSC	7	-2.7735047475781234	CRP	C-reactive protein;C-reactive protein(1-205)
P02751-15;P02751-11;P02751-7	HGSC	8	-3.016963879721984	FN1	Fibronectin;Anastellin;Ugl-Y1;Ugl-Y2;Ugl-Y3
P03928	HGSC	7	-3.262919318175823	MT-ATP8	ATP synthase protein 8
P04217-2	Fallopian	4	-3.053804083270469	A1BG	Alpha-1B-glycoprotein
P04626-5;P04626-4;P04626;P04626-3;P04626-2;P04626-6	HGSC	9	-3.588846693401217	ERBB2	Receptor tyrosine-protein kinase erbB-2
P05106;P05106-2;P05106-3	Fallopian	3	-0.31968125307602574	ITGB3	Integrin beta-3
P05362	HGSC	8	-0.24102755698162426	ICAM1	Intercellular adhesion molecule 1
P06746	EC	8	-2.756183676754507	POLB	DNA polymerase beta
P07738	HGSC	9	-2.219713246011574	BPGM	Bisphosphoglycerate mutase
P08243-2;P08243;P08243-3	HGSC	7	-1.8411332077955724	ASNS	Asparagine synthetase [glutamine-hydrolyzing]
P09237	EC	8	-0.2822393763303168	MMP7	Matrilysin
P09619;P09619-2	Fallopian	3	-1.645190587596127	PDGFRB	Platelet-derived growth factor receptor beta
P09758	EC	10	0.9338307296496886	TACSTD2	Tumor-associated calcium signal transducer 2
P0DJI8	HGSC	7	-3.3190078152488574	SAA1	Serum amyloid A-1 protein;Amyloid protein A;Serum amyloid protein A(2-104);Serum amyloid protein A(3-104);Serum amyloid protein A(2-103);Serum amyloid protein A(2-102);Serum amyloid protein A(4-101)
P0DN78;P0DN77;P04001;P04000	EC	8	-2.361361581459142	OPN1MW;OPN1LW	Medium-wave-sensitive opsin 1;Long-wave-sensitive opsin 1
P10451-4;P10451;P10451-2;P10451-3;CON__P31096	HGSC	7	0.11559796608445282	SPP1	Osteopontin
P11388;P11388-2;P11388-3;P11388-4	HGSC	7	-2.14084381683461	TOP2A	DNA topoisomerase 2-alpha
P11441	HGSC	7	-5.704216015756555	UBL4A	Ubiquitin-like protein 4A
P11465	Fallopian	3	-2.1013767701435917	PSG2	Pregnancy-specific beta-1-glycoprotein 2
P11678	HGSC	9	-3.4949196192713274	EPX	Eosinophil peroxidase;Eosinophil peroxidase light chain;Eosinophil peroxidase heavy chain
P12111-4	HGSC	9	-5.270228247385233	COL6A3	Collagen alpha-3(VI) chain
P12314;P12314-2;Q92637-2	EC	7	-2.3669228725239613	FCGR1A	High affinity immunoglobulin gamma Fc receptor I
P13521	HGSC	7	1.8321367531716237	SCG2	Secretogranin-2;Secretoneurin;Manserin
P13688-2;P13688-8;P13688-10;P13688;P13688-3;P13688-4;P13688-11;P13688-9;P13688-6;P13688-5;P13688-7	EC	7	-2.324276186798557	CEACAM1	Carcinoembryonic antigen-related cell adhesion molecule 1
P13727;P13727-2	HGSC	7	-0.9321057794196992	PRG2	Bone marrow proteoglycan;Eosinophil granule major basic protein
P14618-2	HGSC	8	-2.2500233601924413	PKM	Pyruvate kinase PKM
P14902	EC	7	-2.4757405819760647	IDO1	Indoleamine 2,3-dioxygenase 1
P15144	HGSC	8	1.2239834333289035	ANPEP	Aminopeptidase N
P15328	HGSC	8	0.975345414028159	FOLR1	Folate receptor alpha
P15559-3;P15559-2;P15559	EC	9	0.6302165904632169	NQO1	NAD(P)H dehydrogenase [quinone] 1
P16083	Fallopian	4	-1.7239790245986386	NQO2	Ribosyldihydronicotinamide dehydrogenase [quinone]
P16144-2;P16144;P16144-4;P16144-3;P16144-5	EC	10	0.7970685841016757	ITGB4	Integrin beta-4
P16284-3;P16284-2;P16284-6;P16284;P16284-5;P16284-4	HGSC	8	-1.7694302014261978	PECAM1	Platelet endothelial cell adhesion molecule
P16444	EC	7	-0.8027686548268209	DPEP1	Dipeptidase 1
P16885	EC	8	-1.5846725914769948	PLCG2	1-phosphatidylinositol 4,5-bisphosphate phosphodiesterase gamma-2
P17301	EC	7	-0.3879809947805022	ITGA2	Integrin alpha-2
P17676-2;P17676;P17676-3	HGSC	7	-2.9601390882510055	CEBPB	CCAAT/enhancer-binding protein beta
P18433-4;P18433-2;P18433-3;P18433	EC	8	-3.450883723569458	PTPRA	Receptor-type tyrosine-protein phosphatase alpha
P18615;P18615-3;P18615-4	HGSC	8	-2.477752275588511	NELFE	Negative elongation factor E
P19021-2;P19021-4;P19021-3;P19021-6;P19021;P19021-5	EC	9	-0.9290907012932929	PAM	Peptidyl-glycine alpha-amidating monooxygenase;Peptidylglycine alpha-hydroxylating monooxygenase;Peptidyl-alpha-hydroxyglycine alpha-amidating lyase
P19447	EC	7	-2.0583390424944836	ERCC3	TFIIH basal transcription factor complex helicase XPB subunit
P19878;P19878-2;P19878-4;P19878-3	HGSC	7	-1.6797764253251668	NCF2	Neutrophil cytosol factor 2
P20039	HGSC	7	-1.2432037424472402	HLA-DRB1	HLA class II histocompatibility antigen, DRB1-11 beta chain
P20585	EC	7	-3.3761200614936397	MSH3	DNA mismatch repair protein Msh3
P20851-2;P20851	EC	7	-2.6330284042357137	C4BPB	C4b-binding protein beta chain
P22676;P05937-2;P05937	Fallopian	3	-2.0197904820024384	CALB2	Calretinin
P23297	HGSC	8	-0.4117759744469365	S100A1	Protein S100-A1
P23743;P23743-3;P23743-2	EC	7	-1.6292166996330693	DGKA	Diacylglycerol kinase alpha
P23921	HGSC	7	-1.1187436180789123	RRM1	Ribonucleoside-diphosphate reductase large subunit
P24593	HGSC	7	-2.7744577182036707	IGFBP5	Insulin-like growth factor-binding protein 5
P25391	EC	9	-2.8908027991865484	LAMA1	Laminin subunit alpha-1
P25815	EC	8	-2.2555365662776747	S100P	Protein S100-P
P27658	Fallopian	3	-2.7292243334161603	COL8A1	Collagen alpha-1(VIII) chain;Vastatin
P27986;P27986-4;P27986-5;P27986-3;P27986-2	EC	8	-2.6450404646818573	PIK3R1	Phosphatidylinositol 3-kinase regulatory subunit alpha
P28221	Fallopian	3	-1.3488554820947047	HTR1D	5-hydroxytryptamine receptor 1D
P28289;P28289-2;Q9NZQ9-2;Q9NZQ9	EC	7	-2.2551468374159023	TMOD1	Tropomodulin-1
P28906;P28906-2	Fallopian	3	-1.3723085165548183	CD34	Hematopoietic progenitor cell antigen CD34
P29728-2;P29728;P29728-3	HGSC	10	0.9499564071268758	OAS2	2-5-oligoadenylate synthase 2
P29762	HGSC	7	-0.44363299189060407	CRABP1	Cellular retinoic acid-binding protein 1
P30260;P30260-2	EC	7	-3.728089993504131	CDC27	Cell division cycle protein 27 homolog
P30453;P30457;P30450;P18462	HGSC	8	1.900105380690868	HLA-A	HLA class I histocompatibility antigen, A-34 alpha chain;HLA class I histocompatibility antigen, A-66 alpha chain;HLA class I histocompatibility antigen, A-26 alpha chain;HLA class I histocompatibility antigen, A-25 alpha chain
P30825	EC	7	-2.361787919898617	SLC7A1	High affinity cationic amino acid transporter 1
P32970;P32970-2	Fallopian	3	-1.9311783100876998	CD70	CD70 antigen
P34059	EC	7	-2.00143529993736	GALNS	N-acetylgalactosamine-6-sulfatase
P35052;P35052-2	Fallopian	3	-1.0474787602698576	GPC1	Glypican-1;Secreted glypican-1
P35219	EC	10	-0.6307242794863439	CA8	Carbonic anhydrase-related protein
P35226	EC	7	-3.2834360031451553	BMI1	Polycomb complex protein BMI-1
P37268;P37268-2;P37268-4;P37268-3;P37268-5	EC	8	-1.4964591485783627	FDFT1	Squalene synthase
P37840-2;P37840;P37840-3	Fallopian	4	-1.5228871618432676	SNCA	Alpha-synuclein
P38435;P38435-2	HGSC	7	-2.868444150927258	GGCX	Vitamin K-dependent gamma-carboxylase
P41439;P41439-2;P41439-3	EC	7	-3.285831339440308	FOLR3	Folate receptor gamma
P42575-2;P42575	Fallopian	3	-0.3485779205218881	CASP2	Caspase-2;Caspase-2 subunit p18;Caspase-2 subunit p13;Caspase-2 subunit p12
P42696;P42696-2	HGSC	7	-2.646084973105339	RBM34	RNA-binding protein 34
P42771;P42771-4;P42771-2;P42772;P42771-3	HGSC	7	-0.02377123351678837	CDKN2A;CDKN2B	Cyclin-dependent kinase inhibitor 2A;Cyclin-dependent kinase 4 inhibitor B
P43251-4;P43251;P43251-3;P43251-2	EC	7	-2.629157369815647	BTD	Biotinidase
P43353;P43353-2;P48448	HGSC	7	-2.4242192319598637	ALDH3B1	Aldehyde dehydrogenase family 3 member B1
P43378	HGSC	8	-4.8947779115664005	PTPN9	Tyrosine-protein phosphatase non-receptor type 9
P46199	HGSC	8	-1.9045834303441076	MTIF2	Translation initiation factor IF-2, mitochondrial
P47712	EC	10	0.17908422874524602	PLA2G4A	Cytosolic phospholipase A2;Phospholipase A2;Lysophospholipase
P48163;P48163-2	HGSC	9	-1.8432718848356906	ME1	NADP-dependent malic enzyme
P48382;P48382-2	HGSC	7	-2.4167502449046525	RFX5	DNA-binding protein RFX5
P48723	EC	7	-2.660647430545027	HSPA13	Heat shock 70 kDa protein 13
P49247	EC	9	-1.1559401351461618	RPIA	Ribose-5-phosphate isomerase
P49356-2;P49356	HGSC	9	-2.181812948140711	FNTB	Protein farnesyltransferase subunit beta
P49662;P49662-4;P49662-5;P51878-3;P51878-6;P51878-2;P51878;P51878-5;P49662-3	EC	7	-2.7783128241338306	CASP4	Caspase-4;Caspase-4 subunit 1;Caspase-4 subunit 2
P49747;P49747-2;CON__ENSEMBL:ENSBTAP00000006074	HGSC	7	-2.3981378005685072	COMP	Cartilage oligomeric matrix protein
P49761-1;P49761;P49761-3	HGSC	7	-4.962032298026644	CLK3	Dual specificity protein kinase CLK3
P49789	EC	9	-1.5455872571516731	FHIT	Bis(5-adenosyl)-triphosphatase
P49913	EC	7	-0.5239818155197661	CAMP	Cathelicidin antimicrobial peptide;Antibacterial protein FALL-39;Antibacterial protein LL-37
P49914;P49914-2	EC	7	-2.29655792028264	MTHFS	5-formyltetrahydrofolate cyclo-ligase
P50225;P50226	EC	9	-1.9740248871128492	SULT1A1;SULT1A2	Sulfotransferase 1A1;Sulfotransferase 1A2
P50443	EC	9	-0.3997715165895961	SLC26A2	Sulfate transporter
P50750;P50750-2	EC	10	-2.233837196018979	CDK9	Cyclin-dependent kinase 9
P51116	EC	7	-2.957807536752793	FXR2	Fragile X mental retardation syndrome-related protein 2
P51151	EC	8	-2.29554636742972	RAB9A	Ras-related protein Rab-9A
P51636-2;P51636;P51636-3	Fallopian	3	-1.0254569295920082	CAV2	Caveolin-2
P51689-3;P51689;P51689-2	EC	8	-2.8149042005309783	ARSD	Arylsulfatase D
P51784	HGSC	9	-3.194761534650981	USP11	Ubiquitin carboxyl-terminal hydrolase 11
P51857-2;P51857	EC	8	-2.398945749248851	AKR1D1	3-oxo-5-beta-steroid 4-dehydrogenase
P52294	EC	7	-3.3060116428716326	KPNA1	Importin subunit alpha-5;Importin subunit alpha-5, N-terminally processed
P52655	HGSC	7	-2.9040118117307334	GTF2A1	Transcription initiation factor IIA subunit 1;Transcription initiation factor IIA alpha chain;Transcription initiation factor IIA beta chain
P52732	EC	7	-1.9921997679363719	KIF11	Kinesin-like protein KIF11
P52756;P52756-4;P52756-2;P52756-5	HGSC	7	-4.2382284003218516	RBM5	RNA-binding protein 5
P52790	HGSC	9	-0.6883771065702757	HK3	Hexokinase-3
P53355-4;P53355;P53355-3;P53355-2	EC	7	-1.1827461745875263	DAPK1	Death-associated protein kinase 1
P53365-2;P53365-3;P53365	EC	7	-2.4335623601224454	ARFIP2	Arfaptin-2
P53609-2;P53609	EC	7	-3.1886385664226102	PGGT1B	Geranylgeranyl transferase type-1 subunit beta
P53814-5;P53814-6;P53814;P53814-2	HGSC	7	-2.0019685903169777	SMTN	Smoothelin
P54289-4;P54289-5;P54289-3;P54289-2;P54289	Fallopian	4	-2.8834001639519915	CACNA2D1	Voltage-dependent calcium channel subunit alpha-2/delta-1;Voltage-dependent calcium channel subunit alpha-2-1;Voltage-dependent calcium channel subunit delta-1
P54803;P54803-4;P54803-5;P54803-3	HGSC	7	-3.125014908037262	GALC	Galactocerebrosidase
P55196;P55196-5;P55196-6	EC	7	-3.1103776770278597	MLLT4	Afadin
P55209-3	EC	7	-3.032936624323843	NAP1L1	Nucleosome assembly protein 1-like 1
P55265-2;P55265-3	HGSC	7	-2.9270823385934084	ADAR	Double-stranded RNA-specific adenosine deaminase
P56182	HGSC	8	-1.9144265427369356	RRP1	Ribosomal RNA processing protein 1 homolog A
P56377;P56377-2	EC	7	-2.623498594429902	AP1S2	AP-1 complex subunit sigma-2
P56937-3;P56937-2;P56937	EC	8	-1.9414215560286392	HSD17B7	3-keto-steroid reductase
P57076	EC	8	-2.2985877740416383	C21orf59	UPF0769 protein C21orf59
P57678	HGSC	7	-4.2707689664304045	GEMIN4	Gem-associated protein 4
P57735	EC	10	-0.15796579791918397	RAB25	Ras-related protein Rab-25
P60002	HGSC	9	-1.7198581367173418	ELOF1	Transcription elongation factor 1 homolog
P60660	HGSC	8	-2.6906363172175127	MYL6	Myosin light polypeptide 6
P61204;P61204-2	EC	7	-3.5663188880442993	ARF3	ADP-ribosylation factor 3
P62745	EC	8	-2.3269056416973513	RHOB	Rho-related GTP-binding protein RhoB
P63218	HGSC	8	-1.6918670337086286	GNG5	Guanine nucleotide-binding protein G(I)/G(S)/G(O) subunit gamma-5
P78310;P78310-2;P78310-6;P78310-7;P78310-5;P78310-4;P78310-3	EC	9	-0.47810058825158763	CXADR	Coxsackievirus and adenovirus receptor
P78369	HGSC	7	-4.108755994156099	CLDN10	Claudin-10
P78562	Fallopian	3	-0.9943826444839736	PHEX	Phosphate-regulating neutral endopeptidase
P80365;REV__O00587-2;REV__O00587;O00587-2;O00587	EC	7	-3.238482016695866	HSD11B2	Corticosteroid 11-beta-dehydrogenase isozyme 2
P82912-2;P82912;P82912-3	HGSC	9	-2.531691177800059	MRPS11	28S ribosomal protein S11, mitochondrial
P82932	HGSC	9	-2.4546792148631256	MRPS6	28S ribosomal protein S6, mitochondrial
P84101-4;P84101;P84101-3;P84101-2	EC	7	-4.321184945609134	SERF2	Small EDRK-rich factor 2
P98171;P98171-2	HGSC	8	-2.2636793204292203	ARHGAP4	Rho GTPase-activating protein 4
Q00587-2;Q00587	Fallopian	3	-2.868358304661603	CDC42EP1	Cdc42 effector protein 1
Q00978	HGSC	8	-2.103944817639771	IRF9	Interferon regulatory factor 9
Q01459	EC	8	-2.387270511286146	CTBS	Di-N-acetylchitobiase
Q01831;Q01831-2	EC	7	-3.0221918548557687	XPC	DNA repair protein complementing XP-C cells
Q01968-2;Q01968	EC	9	-2.9360492214476688	OCRL	Inositol polyphosphate 5-phosphatase OCRL-1
Q02083-2;Q02083;Q02083-3	EC	8	-2.90103709892289	NAAA	N-acylethanolamine-hydrolyzing acid amidase;N-acylethanolamine-hydrolyzing acid amidase subunit alpha;N-acylethanolamine-hydrolyzing acid amidase subunit beta
Q02127	HGSC	7	-1.5834513505322703	DHODH	Dihydroorotate dehydrogenase (quinone), mitochondrial
Q02153-2;Q02153;Q02153-3	HGSC	7	-1.8809044456315342	GUCY1B3	Guanylate cyclase soluble subunit beta-1
Q02318	EC	7	-1.5068529482367385	CYP27A1	Sterol 26-hydroxylase, mitochondrial
Q02487	EC	9	-1.1805665043098748	DSC2	Desmocollin-2
Q02539	HGSC	7	-1.3289653449427503	HIST1H1A	Histone H1.1
Q03001;Q03001-14;Q03001-8;Q03001-9;Q03001-10	Fallopian	3	-2.2101409430754644	DST	Dystonin
Q03112-5;Q03112-6;Q03112;Q03112-4;Q03112-3	HGSC	7	-2.8669106582869412	MECOM	MDS1 and EVI1 complex locus protein EVI1
Q03405;Q03405-2;Q03405-3	EC	8	-2.1140461427485064	PLAUR	Urokinase plasminogen activator surface receptor
Q04828;P52895;P52895-2	Fallopian	3	-2.469524172947434	AKR1C1;AKR1C2	Aldo-keto reductase family 1 member C1;Aldo-keto reductase family 1 member C2
Q05639	HGSC	10	-4.539039326617717	EEF1A2	Elongation factor 1-alpha 2
Q06203	HGSC	8	-2.8175151022555536	PPAT	Amidophosphoribosyltransferase
Q06481-3;Q06481-6;Q06481;Q06481-4;Q06481-2;Q06481-5	HGSC	7	-2.8435780439457994	APLP2	Amyloid-like protein 2
Q06710-2;Q06710-3;Q06710;Q06710-5;Q06710-4	HGSC	7	-2.5666155901514363	PAX8	Paired box protein Pax-8
Q07092-2;Q07092	Fallopian	4	0.3165603731453981	COL16A1	Collagen alpha-1(XVI) chain
Q07283	Fallopian	3	-0.5535442747124814	TCHH	Trichohyalin
Q08357	HGSC	8	-2.6134708246552285	SLC20A2	Sodium-dependent phosphate transporter 2
Q08426;Q08426-2	HGSC	8	-1.1973638024934918	EHHADH	Peroxisomal bifunctional enzyme;Enoyl-CoA hydratase/3,2-trans-enoyl-CoA isomerase;3-hydroxyacyl-CoA dehydrogenase
Q0VDF9	HGSC	7	-2.6585037949503083	HSPA14	Heat shock 70 kDa protein 14
Q0VF96;Q0VF96-2	EC	7	-2.0076220486061485	CGNL1	Cingulin-like protein 1
Q0VGL1	EC	9	-2.701674422884304	LAMTOR4	Ragulator complex protein LAMTOR4;Ragulator complex protein LAMTOR4, N-terminally processed
Q12889	Fallopian	3	-1.4937398447456096	OVGP1	Oviduct-specific glycoprotein
Q12981-2;Q12981;Q12981-3;Q12981-1	HGSC	9	-3.1468649232603068	BNIP1	Vesicle transport protein SEC20
Q13094	HGSC	7	-2.8553692359978835	LCP2	Lymphocyte cytosolic protein 2
Q13257;Q13257-2	HGSC	7	-2.867544100546734	MAD2L1	Mitotic spindle assembly checkpoint protein MAD2A
Q13268;Q13268-2	Fallopian	3	-2.0855535948551713	DHRS2	Dehydrogenase/reductase SDR family member 2, mitochondrial
Q13303-4;Q13303-2;Q13303;Q13303-5	EC	7	-1.2511808792131514	KCNAB2	Voltage-gated potassium channel subunit beta-2
Q13361-2;Q13361	Fallopian	3	-1.795859023675431	MFAP5	Microfibrillar-associated protein 5
Q13438-6;Q13438-5;Q13438-3;Q13438-2;Q13438-7;Q13438-4;Q13438;Q13438-8	HGSC	7	-2.877018070202636	OS9	Protein OS-9
Q13439-3;Q13439-4;Q13439;Q13439-5	EC	7	-2.1432788282862987	GOLGA4	Golgin subfamily A member 4
Q13542	EC	10	-1.940476451376787	EIF4EBP2	Eukaryotic translation initiation factor 4E-binding protein 2
Q13641	HGSC	7	-5.576948891207073	TPBG	Trophoblast glycoprotein
Q14002;Q14002-2	EC	8	-5.4934764486066365	CEACAM7	Carcinoembryonic antigen-related cell adhesion molecule 7
Q14116-2;Q14116	HGSC	7	-1.461250846545158	IL18	Interleukin-18
Q14194;Q14194-2	Fallopian	3	0.037591073917355874	CRMP1	Dihydropyrimidinase-related protein 1
Q14320;Q9Y247	EC	7	-3.038337115231375	FAM50A	Protein FAM50A
Q14558;Q14558-2	EC	9	-2.3351788428065166	PRPSAP1	Phosphoribosyl pyrophosphate synthase-associated protein 1
Q14657	EC	9	-3.336655764490067	LAGE3	EKC/KEOPS complex subunit LAGE3
Q14671;Q14671-2;Q14671-3;Q14671-4	HGSC	9	-1.9449343578478253	PUM1	Pumilio homolog 1
Q14999;Q14999-2	HGSC	8	-3.022242808075846	CUL7	Cullin-7
Q14BN4-5;Q14BN4-8	EC	7	-4.1504186561420475	SLMAP	Sarcolemmal membrane-associated protein
Q15059;Q15059-2;Q58F21-5;Q58F21-4;Q58F21;Q58F21-3;Q58F21-2	EC	8	-3.3568140595102967	BRD3	Bromodomain-containing protein 3
Q15070-2;Q15070;Q15070-3	HGSC	7	-2.1632484753394654	OXA1L	Mitochondrial inner membrane protein OXA1L
Q15118;Q15118-2	EC	9	-2.526376727680536	PDK1	[Pyruvate dehydrogenase (acetyl-transferring)] kinase isozyme 1, mitochondrial
Q15120;Q15120-2	EC	7	-2.4498889968547553	PDK3	[Pyruvate dehydrogenase (acetyl-transferring)] kinase isozyme 3, mitochondrial
Q15149-3	HGSC	8	-2.5777441884270242	PLEC	Plectin
Q15154-2;Q15154;Q15154-3	EC	7	-1.6247412725720263	PCM1	Pericentriolar material 1 protein
Q15155	EC	7	-4.339377365831706	NOMO1	Nodal modulator 1
Q15276;Q15276-2	EC	8	-1.9691922205734391	RABEP1	Rab GTPase-binding effector protein 1
Q15366-6	EC	8	-1.8645885673154292	PCBP2	Poly(rC)-binding protein 2
Q15392-2;Q15392	HGSC	9	0.163520428212945	DHCR24	Delta(24)-sterol reductase
Q15417-2	HGSC	8	-3.397709841622382	CNN3	Calponin-3
Q15628;Q15628-2	EC	7	-2.3834701415739707	TRADD	Tumor necrosis factor receptor type 1-associated DEATH domain protein
Q15633-2;Q15633	EC	8	-4.762149885055888	TARBP2	RISC-loading complex subunit TARBP2
Q15661-2;Q15661;P20231;Q9BZJ3-2;Q9BZJ3;A6NIE9	Fallopian	3	-0.8484478775520282	TPSAB1;TPSB2	Tryptase alpha/beta-1;Tryptase beta-2
Q15750-2;Q15750	EC	7	-2.73024674733787	TAB1	TGF-beta-activated kinase 1 and MAP3K7-binding protein 1
Q15811-12;Q15811-3;Q15811-10;Q15811-7;Q15811-9;Q15811-8;Q15811-6;Q15811-11;Q15811-2;Q15811-4;Q15811;CON__ENSEMBL:ENSBTAP00000001528;Q15811-13;Q15811-5	Fallopian	4	-2.411806915693652	ITSN1	Intersectin-1
Q15911-2;Q15911	EC	8	-1.4062210891150375	ZFHX3	Zinc finger homeobox protein 3
Q16512;Q16512-2;Q16512-3	HGSC	7	-2.3941684395458784	PKN1	Serine/threonine-protein kinase N1
Q16537-2;Q16537;Q16537-3;Q15173-2;Q15173	EC	8	-3.771125585660133	PPP2R5E	Serine/threonine-protein phosphatase 2A 56 kDa regulatory subunit epsilon isoform
Q16585;Q16585-2	Fallopian	3	-1.5171002001391933	SGCB	Beta-sarcoglycan
Q16637-4;Q16637-2;Q16637-3;Q16637	HGSC	7	-2.727098192342242	SMN1	Survival motor neuron protein
Q16777;Q6FI13	Fallopian	3	-3.1420821263881216	HIST2H2AC;HIST2H2AA3	Histone H2A type 2-C;Histone H2A type 2-A
Q16851-2	EC	8	-1.6415791753757634	UGP2	UTP--glucose-1-phosphate uridylyltransferase
Q29963	HGSC	9	-1.3262605111508181	HLA-C	HLA class I histocompatibility antigen, Cw-6 alpha chain
Q29974	EC	8	1.7740938248559401	HLA-DRB1	HLA class II histocompatibility antigen, DRB1-16 beta chain
Q2PZI1;Q2PZI1-2	EC	7	-2.294202962604067	DPY19L1	Probable C-mannosyltransferase DPY19L1
Q2TAA8;Q2TAA8-2	Fallopian	3	-1.801064687810823	TSNAXIP1	Translin-associated factor X-interacting protein 1
Q3B820-3	EC	7	-1.9883364194633906		
Q3KQU3-2;Q3KQU3-4;Q3KQU3;Q3KQU3-3	HGSC	8	-3.1989795185078584	MAP7D1	MAP7 domain-containing protein 1
Q3KQZ1;Q3KQZ1-2;Q3KQZ1-3;Q3KQZ1-4	EC	10	-0.9421951579683675	SLC25A35	Solute carrier family 25 member 35
Q52LR7	EC	8	-2.5953290024735916	EPC2	Enhancer of polycomb homolog 2
Q53F19;Q53F19-2	EC	9	-3.324264252123605	C17orf85	Uncharacterized protein C17orf85
Q567U6	HGSC	7	-2.939324293754048	CCDC93	Coiled-coil domain-containing protein 93
Q5CZC0	HGSC	9	-2.6868767983158124	FSIP2	Fibrous sheath-interacting protein 2
Q5EBL8;Q5EBL8-2	EC	7	-2.7200339094103394	PDZD11	PDZ domain-containing protein 11
Q5EBM0;Q5EBM0-3;Q5EBM0-4;Q5EBM0-2	HGSC	8	-1.5609475914189375	CMPK2	UMP-CMP kinase 2, mitochondrial
Q5GFL6;Q5GFL6-2;Q5GFL6-3	EC	8	-0.05507628431719214	VWA2	von Willebrand factor A domain-containing protein 2
Q5HY98;Q09FC8-6;Q09FC8-5;Q6ZN19-3;Q7L2R6-2;Q5FWF6-3;P17039-3;Q8IW36-3;O14628-8;Q7L2R6-3;Q8IW36-2;Q15929;Q8IW36-1;Q96JL9-3;Q8IYX0;Q5JVG8-2;P0CB33;Q5FWF6;Q8N859;Q5JVG8;Q96H40;Q9NV72-2;Q15928;Q3SXZ3;A6NP11;O75346;P0CJ79;A2RRD8;Q9HBT8-2;Q9HBT8;Q5VIY5;Q7L2R6;Q96JC4;Q9Y2Q1-4;Q9NV72;Q9Y2Q1-2;Q8WV37;Q8TB69;A8MT65;Q03936-3;O14628-4;O14628-7;Q9Y2Q1;Q6ZN08;Q8NB42-2;Q86XU0;B4DXR9;Q03936;Q03938;O60765;O14628-5;Q8NB42;O14628-6;Q96LW1;Q6ZN06;P17039;P17039-2;O14628;Q8IYB9;Q76KX8-2;Q96JL9;Q86YE8;Q76KX8;Q86XN6-2;Q86XN6;Q08AN1;Q96SE7;Q96SE7-2;Q9P2J8;Q96IR2;A6NN14	HGSC	8	-2.2808788450450326	ZNF766	Zinc finger protein 766
Q5J8M3-3;Q5J8M3-2;Q5J8M3	HGSC	7	-2.503115530101953	EMC4	ER membrane protein complex subunit 4
Q5JTV8-3;Q5JTV8-2	Fallopian	3	-2.721084306148081	TOR1AIP1	Torsin-1A-interacting protein 1
Q5JTZ9	HGSC	8	-2.252859283938016	AARS2	Alanine--tRNA ligase, mitochondrial
Q5MNZ9-2;Q5MNZ9	EC	7	-2.6899534553816395	WIPI1	WD repeat domain phosphoinositide-interacting protein 1
Q5QJE6	HGSC	7	-3.2579723359623265	DNTTIP2	Deoxynucleotidyltransferase terminal-interacting protein 2
Q5RHP9;Q5RHP9-2;Q5RHP9-3	EC	7	-7.429293518250231	ERICH3	Glutamate-rich protein 3
Q5SZK8;Q5SZK8-2	EC	8	1.1243087732099002	FREM2	FRAS1-related extracellular matrix protein 2
Q5T160	HGSC	8	0.18861579321401845	RARS2	Probable arginine--tRNA ligase, mitochondrial
Q5T447;Q5T447-2	EC	7	-2.3944408740612713	HECTD3	E3 ubiquitin-protein ligase HECTD3
Q5T653	HGSC	8	-2.1438153254794172	MRPL2	39S ribosomal protein L2, mitochondrial
Q5TC12-3;Q5TC12;Q5TC12-2	HGSC	8	-2.7350641916048195	ATPAF1	ATP synthase mitochondrial F1 complex assembly factor 1
Q5TEJ8;Q5TEJ8-3;Q5TEJ8-5;Q5TEJ8-6;Q5TEJ8-2;Q5TEJ8-4	HGSC	8	-2.0955744522542004	THEMIS2	Protein THEMIS2
Q5UIP0-2;Q5UIP0	HGSC	8	-3.882882416662142	RIF1	Telomere-associated protein RIF1
Q5VT25-3;Q5VT25-4;Q5VT25-5;Q5VT25;Q5VT25-2;Q5VT25-6	HGSC	7	-4.079343767291682	CDC42BPA	Serine/threonine-protein kinase MRCK alpha
Q5VTL8;Q5VTL8-2	HGSC	9	-2.755208633382283	PRPF38B	Pre-mRNA-splicing factor 38B
Q5VTR2	HGSC	8	-3.132699498187624	RNF20	E3 ubiquitin-protein ligase BRE1A
Q5VU97;Q5VU97-2	Fallopian	3	-3.309200633458785	CACHD1	VWFA and cache domain-containing protein 1
Q5VUR7;Q5SQ80	HGSC	7	-1.066867569139122	ANKRD20A3;ANKRD20A2	Ankyrin repeat domain-containing protein 20A3;Ankyrin repeat domain-containing protein 20A2
Q5VV41;Q5VV41-2	EC	9	-1.227333056917029	ARHGEF16	Rho guanine nucleotide exchange factor 16
Q5VV42;Q5VV42-2;Q5VV42-3	HGSC	7	-3.2536518019634717	CDKAL1	Threonylcarbamoyladenosine tRNA methylthiotransferase
Q5VW36	HGSC	8	-2.4319572482179104	FOCAD	Focadhesin
Q658P3-3;Q658P3;Q658P3-2;Q658P3-4	EC	7	-2.0931886698271636	STEAP3	Metalloreductase STEAP3
Q66PJ3-4;Q66PJ3-3;Q66PJ3-2;Q66PJ3;Q66PJ3-7;Q66PJ3-6;Q66PJ3-5	EC	9	-2.1913864634447835	ARL6IP4	ADP-ribosylation factor-like protein 6-interacting protein 4
Q687X5;Q687X5-2	EC	7	-1.9338509838188465	STEAP4	Metalloreductase STEAP4
Q6DKK2	EC	8	-3.0507850195348287	TTC19	Tetratricopeptide repeat protein 19, mitochondrial
Q6DRA6;Q6DN03	Fallopian	3	-2.979150523441303	HIST2H2BD;HIST2H2BC	Putative histone H2B type 2-D;Putative histone H2B type 2-C
Q6GMV2	EC	8	-2.4578873971849093	SMYD5	SET and MYND domain-containing protein 5
Q6IA69-2;Q6IA69	EC	10	-1.7193773119450282	NADSYN1	Glutamine-dependent NAD(+) synthetase
Q6IQ22	HGSC	7	-2.4756434547255006	RAB12	Ras-related protein Rab-12
Q6NXR4	EC	7	-6.329647691521994	TTI2	TELO2-interacting protein 2
Q6NYC1-2;Q6NYC1;Q6NYC1-3	EC	7	-3.6762481136229233	JMJD6	Bifunctional arginine demethylase and lysyl-hydroxylase JMJD6
Q6NYC8;Q6NYC8-3;Q6NYC8-2	HGSC	7	-2.9708219597996144	PPP1R18	Phostensin
Q6PI78	HGSC	8	-2.0544781876229	TMEM65	Transmembrane protein 65
Q6PJF5-2;Q6PJF5	HGSC	9	-4.164256325672498	RHBDF2	Inactive rhomboid protein 2
Q6PK18;Q6PK18-2	HGSC	7	-2.967964723785902	OGFOD3	2-oxoglutarate and iron-dependent oxygenase domain-containing protein 3
Q6R327;Q6R327-3;Q6R327-4	Fallopian	4	-1.8104303884518682	RICTOR	Rapamycin-insensitive companion of mTOR
Q6S8J3;A5A3E0	Fallopian	3	-2.1627853447533276	POTEE;POTEF	POTE ankyrin domain family member E;POTE ankyrin domain family member F
Q6UWE0;Q6UWE0-2;Q6UWE0-3	HGSC	8	-1.8471481459762065	LRSAM1	E3 ubiquitin-protein ligase LRSAM1
Q6UWR7	EC	8	-0.9549116445573729	ENPP6	Ectonucleotide pyrophosphatase/phosphodiesterase family member 6
Q6UX53	HGSC	7	-0.5542746189358236	METTL7B	Methyltransferase-like protein 7B
Q6UXG2-3;Q6UXG2;Q6UXG2-2;Q6UXG2-4	EC	8	1.0362247201007788	KIAA1324	UPF0577 protein KIAA1324
Q6Y1H2	HGSC	8	-2.5641468319706187	HACD2	Very-long-chain (3R)-3-hydroxyacyl-CoA dehydratase 2
Q6YHK3;Q6YHK3-2;Q6YHK3-4;Q6YHK3-3	HGSC	8	-1.6422937288442379	CD109	CD109 antigen
Q6ZMU5-2;Q6ZMU5	Fallopian	3	-2.7612116182276125	TRIM72	Tripartite motif-containing protein 72
Q6ZNG2	Fallopian	3	-3.047060084775088	DBX2	Homeobox protein DBX2
Q6ZSR9	HGSC	9	-1.9430059346459043		Uncharacterized protein FLJ45252
Q6ZTR5;Q6ZTR5-4;Q6ZTR5-2;Q6ZTR5-1	HGSC	7	-2.5741307292353333	CXorf22	Uncharacterized protein CXorf22
Q6ZUT6-2;Q6ZUT6-4;Q6ZUT6	HGSC	7	-6.194372144648139	C15orf52	Uncharacterized protein C15orf52
Q7L1W4	Fallopian	3	1.8882479804880365	LRRC8D	Volume-regulated anion channel subunit LRRC8D
Q7L2J0;Q7L2J0-2	HGSC	7	-2.657154730196582	MEPCE	7SK snRNA methylphosphate capping enzyme
Q7Z3C6;Q7Z3C6-2;Q7Z3C6-3	EC	9	-3.1409573421432158	ATG9A	Autophagy-related protein 9A
Q7Z404-1;Q7Z404;Q7Z404-3	EC	9	-1.2559479726815101	TMC4	Transmembrane channel-like protein 4
Q7Z7D3;Q7Z7D3-4	HGSC	7	-1.4766878006531943	VTCN1	V-set domain-containing T-cell activation inhibitor 1
Q7Z7F7;Q7Z7F7-2	HGSC	7	-2.439411843213001	MRPL55	39S ribosomal protein L55, mitochondrial
Q7Z7K0	EC	7	-2.0427222824286564	CMC1	COX assembly mitochondrial protein homolog
Q7Z7K6-3;Q7Z7K6;Q7Z7K6-2	Fallopian	3	-2.704615729669115	CENPV	Centromere protein V
Q7Z7L1;Q68D06-2;Q68D06	HGSC	7	-4.32629902608281	SLFN11;SLFN13	Schlafen family member 11;Schlafen family member 13
Q7Z7M0-2;Q7Z7M0	EC	7	-2.7430275504112798	MEGF8	Multiple epidermal growth factor-like domains protein 8
Q86T29;Q86T29-2	HGSC	7	-2.399078669045679	ZNF605	Zinc finger protein 605
Q86TI2;Q86TI2-2;Q86TI2-4	HGSC	7	-2.499902607548872	DPP9	Dipeptidyl peptidase 9
Q86U86-8;Q86U86;Q86U86-5;Q86U86-7;Q86U86-3;Q86U86-2;Q86U86-6	EC	9	-2.0955192399398563	PBRM1	Protein polybromo-1
Q86UT6;Q86UT6-2	EC	8	-2.971909191049843	NLRX1	NLR family member X1
Q86V21;Q86V21-2	EC	8	-1.239376662213202	AACS	Acetoacetyl-CoA synthetase
Q86VM9;Q86VM9-2	EC	8	-2.5845369014617545	ZC3H18	Zinc finger CCCH domain-containing protein 18
Q86VU5	HGSC	8	-2.7797874613547826	COMTD1	Catechol O-methyltransferase domain-containing protein 1
Q86WW8	EC	9	-2.7342438551788226	COA5	Cytochrome c oxidase assembly factor 5
Q86Y56;Q86Y56-2;Q86Y56-3	HGSC	7	-3.783531727679482	DNAAF5	Dynein assembly factor 5, axonemal
Q86YS7;Q86YS7-2;Q86YS7-3;Q86YS7-4;Q86YS7-5	EC	8	-2.1763334672385066	C2CD5	C2 domain-containing protein 5
Q86YT6	EC	7	-6.478381236796848	MIB1	E3 ubiquitin-protein ligase MIB1
Q8IUH4;Q8IUH4-2;Q8IUH4-3	EC	9	-2.7604896197766333	ZDHHC13	Palmitoyltransferase ZDHHC13
Q8IUR7-3;Q8IUR7-8;Q8IUR7-2;Q8IUR7;Q8IUR7-7;Q8IUR7-6	HGSC	7	-2.3380837307507085	ARMC8	Armadillo repeat-containing protein 8
Q8IVD9	EC	7	-2.6122642554499906	NUDCD3	NudC domain-containing protein 3
Q8IVN8	EC	8	-1.7036055554652192	SBSPON	Somatomedin-B and thrombospondin type-1 domain-containing protein
Q8IWJ2	EC	7	-2.2656601755853276	GCC2	GRIP and coiled-coil domain-containing protein 2
Q8IXJ6-4;Q8IXJ6-2;Q8IXJ6-3;Q8IXJ6;Q8IXJ6-5	HGSC	8	-2.356174532106778	SIRT2	NAD-dependent protein deacetylase sirtuin-2
Q8IYB5-3;Q8IYB5-2;Q8IYB5	EC	8	-2.152113264521175	SMAP1	Stromal membrane-associated protein 1
Q8IYB7;Q8IYB7-3;Q8IYB7-2	Fallopian	3	-3.384843818488497	DIS3L2	DIS3-like exonuclease 2
Q8IYQ7	HGSC	7	-0.6486071840464775	THNSL1	Threonine synthase-like 1
Q8IYS1	HGSC	7	-2.5236880027459843	PM20D2	Peptidase M20 domain-containing protein 2
Q8IZV5	EC	8	-1.2015686487505932	RDH10	Retinol dehydrogenase 10
Q8N0W3;Q8N0W3-2	EC	8	-1.3265910404486885	FUK	L-fucose kinase
Q8N0W4-2;Q8N0W4;Q8NFZ3-2;Q8NFZ3	HGSC	9	3.501916936256903	NLGN4X	Neuroligin-4, X-linked
Q8N1G2	HGSC	7	-1.7799448791931607	CMTR1	Cap-specific mRNA (nucleoside-2-O-)-methyltransferase 1
Q8N2G8-2;Q8N2G8-3;Q8N2G8	EC	8	-2.548733213141579	GHDC	GH3 domain-containing protein
Q8N3V7-3;Q8N3V7-2;Q8N3V7	Fallopian	4	-2.236852084664781	SYNPO	Synaptopodin
Q8N3Y7;Q8N3Y7-2	EC	7	-3.6214201430283453	SDR16C5	Epidermal retinol dehydrogenase 2
Q8N4A0;Q8N4A0-2	EC	8	0.20143330155224382	GALNT4	Polypeptide N-acetylgalactosaminyltransferase 4
Q8N4Q0;Q8N4Q0-2	EC	9	-1.889385689497936	ZADH2	Zinc-binding alcohol dehydrogenase domain-containing protein 2
Q8N4Q1;Q8N4Q1-2	EC	8	-2.444143466928787	CHCHD4	Mitochondrial intermembrane space import and assembly protein 40
Q8N573-2;Q8N573-5;Q8N573-8;Q8N573;Q8N573-3;Q8N573-7;Q8N573-4	EC	10	-0.8506862369898645	OXR1	Oxidation resistance protein 1
Q8N5N7-2;Q8N5N7	HGSC	7	-2.0465181997775006	MRPL50	39S ribosomal protein L50, mitochondrial
Q8N8A6	HGSC	7	-3.8806622160332727	DDX51	ATP-dependent RNA helicase DDX51
Q8N999-3;Q8N999	HGSC	9	-2.2733985658660574	C12orf29	Uncharacterized protein C12orf29
Q8N9N7	EC	9	-2.233694833426773	LRRC57	Leucine-rich repeat-containing protein 57
Q8NBK3-2;Q8NBK3-5;Q8NBK3;Q8NBK3-4;Q8NBK3-3	HGSC	8	-2.1523857196433367	SUMF1	Sulfatase-modifying factor 1
Q8NCL4	EC	8	-1.0393215982811048	GALNT6	Polypeptide N-acetylgalactosaminyltransferase 6
Q8NCW6	HGSC	9	-1.998522556243831	GALNT11	Polypeptide N-acetylgalactosaminyltransferase 11
Q8NCX0	Fallopian	3	-1.1345463489399907	CCDC150	Coiled-coil domain-containing protein 150
Q8NE62	EC	9	-0.3885687910907597	CHDH	Choline dehydrogenase, mitochondrial
Q8NEJ9-2;Q8NEJ9	HGSC	8	-3.592407872004257	NGDN	Neuroguidin
Q8NEN9	EC	9	-3.4370137406197854	PDZD8	PDZ domain-containing protein 8
Q8NEU8;Q8NEU8-3;Q8NEU8-2	HGSC	8	-2.4903643550429764	APPL2	DCC-interacting protein 13-beta
Q8NFJ5	EC	7	-1.0606977700916487	GPRC5A	Retinoic acid-induced protein 3
Q8NG11-2;Q8NG11;Q8NG11-3	EC	10	-1.852355920505003	TSPAN14	Tetraspanin-14
Q8NI22-2;Q8NI22-3;Q8NI22	Fallopian	3	-2.205936800837	MCFD2	Multiple coagulation factor deficiency protein 2
Q8NI60;Q8NI60-3;Q8NI60-4;Q8NI60-2	HGSC	7	-0.9812484414137757	ADCK3	Atypical kinase ADCK3, mitochondrial
Q8TAA9-2;Q8TAA9	EC	7	-2.9452082226063436	VANGL1	Vang-like protein 1
Q8TB24-4;Q8TB24	HGSC	7	-4.2124734139664275	RIN3	Ras and Rab interactor 3
Q8TB45;Q8TB45-2	EC	10	-1.7432483095113258	DEPTOR	DEP domain-containing mTOR-interacting protein
Q8TD06	EC	9	0.30220918640747857	AGR3	Anterior gradient protein 3 homolog
Q8TD43-2;Q8TD43-3;Q8TD43	EC	8	-2.2610272847158077	TRPM4	Transient receptor potential cation channel subfamily M member 4
Q8TDY2-2;Q8TDY2	Fallopian	4	-2.7782340357631066	RB1CC1	RB1-inducible coiled-coil protein 1
Q8TDZ2;Q8TDZ2-4;Q8TDZ2-2;Q8TDZ2-3	HGSC	7	-2.3006533347709066	MICAL1	Protein-methionine sulfoxide oxidase MICAL1
Q8WTW3	HGSC	7	-3.013146414991097	COG1	Conserved oligomeric Golgi complex subunit 1
Q8WU39;Q8WU39-3;Q8WU39-5;Q8WU39-4;Q8WU39-2	HGSC	8	1.2488920219279134	MZB1	Marginal zone B- and B1-cell-specific protein
Q8WU76-2;Q8WU76	EC	7	-3.243119237938198	SCFD2	Sec1 family domain-containing protein 2
Q8WUA4-2;Q8WUA4	EC	7	-2.955023206443971	GTF3C2	General transcription factor 3C polypeptide 2
Q8WUD4	HGSC	7	-2.648993120908524	CCDC12	Coiled-coil domain-containing protein 12
Q8WUF8-2;Q8WUF8-4;Q8WUF8-3;Q8WUF8	EC	7	-5.087552598118523	FAM172A	Protein FAM172A
Q8WWB7-2;Q8WWB7	HGSC	7	-2.529264543511121	GLMP	Glycosylated lysosomal membrane protein
Q8WWH5	HGSC	10	-2.998243119512085	TRUB1	Probable tRNA pseudouridine synthase 1
Q8WXI4-2;Q8WXI4	EC	9	-2.4413423277013404	ACOT11	Acyl-coenzyme A thioesterase 11
Q8WXI7	EC	10	0.5959823987534325	MUC16	Mucin-16
Q8WYA0-3;Q8WYA0	EC	8	-2.892933341104689	IFT81	Intraflagellar transport protein 81 homolog
Q92504	EC	9	-3.7726951593099387	SLC39A7	Zinc transporter SLC39A7
Q92558	EC	8	-2.9622366980960564	WASF1	Wiskott-Aldrich syndrome protein family member 1
Q92629-3;Q92629;Q92629-2	Fallopian	4	-0.06597155116652598	SGCD	Delta-sarcoglycan
Q92889	HGSC	7	-5.150115412922054	ERCC4	DNA repair endonuclease XPF
Q92997-2;Q92997	HGSC	7	-3.3531556740339665	DVL3	Segment polarity protein dishevelled homolog DVL-3
Q93099	EC	9	1.0583424657967073	HGD	Homogentisate 1,2-dioxygenase
Q969P0-3;Q969P0	EC	7	-2.1418433490119866	IGSF8	Immunoglobulin superfamily member 8
Q96A00;Q96A00-2	Fallopian	3	-1.7887155918956452	PPP1R14A	Protein phosphatase 1 regulatory subunit 14A
Q96AM1	Fallopian	4	-1.4299681345856747	MRGPRF	Mas-related G-protein coupled receptor member F
Q96AZ6;Q96AZ6-2	HGSC	7	-1.9454628707582617	ISG20	Interferon-stimulated gene 20 kDa protein
Q96B26	HGSC	9	-3.1100853002007547	EXOSC8	Exosome complex component RRP43
Q96B36;Q96B36-2;Q96B36-3	HGSC	9	-3.157681805462019	AKT1S1	Proline-rich AKT1 substrate 1
Q96B49	HGSC	7	-2.2526526977120938	TOMM6	Mitochondrial import receptor subunit TOM6 homolog
Q96B54	EC	7	-3.014770735266669	ZNF428	Zinc finger protein 428
Q96BN8	HGSC	7	-3.1920521661586654	OTULIN	Ubiquitin thioesterase otulin
Q96BQ5	HGSC	7	-4.733939565714905	CCDC127	Coiled-coil domain-containing protein 127
Q96C11;Q96C11-3;Q96C11-2;Q96C11-4;Q96C11-5	EC	7	-2.984252344800575	FGGY	FGGY carbohydrate kinase domain-containing protein
Q96CD0	Fallopian	3	0.6659120206680065	FBXL8	F-box/LRR-repeat protein 8
Q96CU9-3;Q96CU9;Q96CU9-2	HGSC	8	-1.8586684708987202	FOXRED1	FAD-dependent oxidoreductase domain-containing protein 1
Q96D96-4;Q96D96-3;Q96D96	HGSC	9	-3.261403914159235	HVCN1	Voltage-gated hydrogen channel 1
Q96DA6;Q96DA6-2	HGSC	7	-4.434945327697386	DNAJC19	Mitochondrial import inner membrane translocase subunit TIM14
Q96DE0;Q96DE0-3;Q96DE0-2;Q96DE0-4	EC	8	-3.2319322205247922	NUDT16	U8 snoRNA-decapping enzyme
Q96DV4;Q96DV4-2	HGSC	9	-1.8614413533644871	MRPL38	39S ribosomal protein L38, mitochondrial
Q96E11-8;Q96E11-3;Q96E11;Q96E11-2;Q96E11-7;Q96E11-5;Q96E11-6;Q96E11-4	EC	7	-1.4685315188163328	MRRF	Ribosome-recycling factor, mitochondrial
Q96EC8;Q96EC8-2	EC	10	-2.5040384976028656	YIPF6	Protein YIPF6
Q96EL2	HGSC	8	-2.590068789874852	MRPS24	28S ribosomal protein S24, mitochondrial
Q96EL3	HGSC	7	-2.173449862662359	MRPL53	39S ribosomal protein L53, mitochondrial
Q96F85;Q96F85-2	Fallopian	3	-1.6220320283968508	CNRIP1	CB1 cannabinoid receptor-interacting protein 1
Q96F86	HGSC	7	-3.2318940782839727	EDC3	Enhancer of mRNA-decapping protein 3
Q96FN4;Q96FN4-2	EC	8	-1.8949505460794742	CPNE2	Copine-2
Q96FX8	EC	8	-2.384479630312833	PERP	p53 apoptosis effector related to PMP-22
Q96FZ7	EC	7	-3.396635299169485	CHMP6	Charged multivesicular body protein 6
Q96GD0	HGSC	7	-3.83938140676844	PDXP	Pyridoxal phosphate phosphatase
Q96GM5-2;Q96GM5	HGSC	7	-0.6838186599147582	SMARCD1	SWI/SNF-related matrix-associated actin-dependent regulator of chromatin subfamily D member 1
Q96GW9	Fallopian	4	-1.52910495279772	MARS2	Methionine--tRNA ligase, mitochondrial
Q96HD1;Q96HD1-2	EC	8	-1.883953400714188	CRELD1	Cysteine-rich with EGF-like domain protein 1
Q96HQ2;Q96HQ2-2	HGSC	7	-3.8074940741639955	CDKN2AIPNL	CDKN2AIP N-terminal-like protein
Q96HR3-2;Q96HR3	HGSC	7	-3.420647570772565	MED30	Mediator of RNA polymerase II transcription subunit 30
Q96I51;Q96I51-3;Q96I51-2	HGSC	8	-2.172511955055774	WBSCR16	Williams-Beuren syndrome chromosomal region 16 protein
Q96J02-3;Q96J02-2;Q96J02;Q9H0M0-6;Q9H0M0-3;Q9H0M0;O00308-3;O00308-2	EC	8	-1.8557436811943036	ITCH	E3 ubiquitin-protein ligase Itchy homolog
Q96JH7	EC	7	-2.7714986978787404	VCPIP1	Deubiquitinating protein VCIP135
Q96JJ3;Q96JJ3-3	HGSC	8	-2.4972744713031094	ELMO2	Engulfment and cell motility protein 2
Q96JQ2	EC	7	-1.1157010364993407	CLMN	Calmin
Q96K37;Q96K37-2	EC	8	-2.839189933097805	SLC35E1	Solute carrier family 35 member E1
Q96KB5;Q96KB5-2	Fallopian	3	-1.7101729360262088	PBK	Lymphokine-activated killer T-cell-originated protein kinase
Q96KC8	EC	7	-2.5859776805162826	DNAJC1	DnaJ homolog subfamily C member 1
Q96NT1	EC	9	0.36203269183468084	NAP1L5	Nucleosome assembly protein 1-like 5
Q96P44-3;Q96P44;Q96P44-2	Fallopian	4	-1.0769176924600776	COL21A1	Collagen alpha-1(XXI) chain
Q96PE7	EC	9	-2.169096730527457	MCEE	Methylmalonyl-CoA epimerase, mitochondrial
Q96PV0-2;Q96PV0-4;Q96PV0	Fallopian	3	2.928540625344798	SYNGAP1	Ras/Rap GTPase-activating protein SynGAP
Q96S86;Q86UW8	HGSC	7	-1.5452185694256382	HAPLN3	Hyaluronan and proteoglycan link protein 3
Q99470	HGSC	9	-1.6840230327708936	SDF2	Stromal cell-derived factor 2
Q99611	EC	8	-2.4398928038861363	SEPHS2	Selenide, water dikinase 2
Q99685;Q99685-2	EC	9	-2.72300437899436	MGLL	Monoglyceride lipase
Q99828;Q99828-2	EC	9	-1.432280469653653	CIB1	Calcium and integrin-binding protein 1
Q99836-5;Q99836;Q99836-6;Q99836-2;Q99836-4;Q99836-3	HGSC	8	-1.897209312953319	MYD88	Myeloid differentiation primary response protein MyD88
Q9BQ13-2;Q9BQ13	EC	8	-0.6183378308486001	KCTD14	BTB/POZ domain-containing protein KCTD14
Q9BQ39	HGSC	9	-3.0839493822255055	DDX50	ATP-dependent RNA helicase DDX50
Q9BQE4	EC	8	-2.597521126677702	VIMP	Selenoprotein S
Q9BQI0-3;Q9BQI0;Q9BQI0-4;Q9BQI0-2	HGSC	7	-2.4312208481981945	AIF1L	Allograft inflammatory factor 1-like
Q9BRQ6	EC	7	-1.5189743486186476	CHCHD6	MICOS complex subunit MIC25
Q9BT22;Q9BT22-2	EC	9	-1.9314138508319647	ALG1	Chitobiosyldiphosphodolichol beta-mannosyltransferase
Q9BT73	EC	7	-2.416024845791082	PSMG3	Proteasome assembly chaperone 3
Q9BTC8-2;Q9BTC8	EC	7	-2.531253011680444	MTA3	Metastasis-associated protein MTA3
Q9BTX1-6;Q9BTX1-5;Q9BTX1-2;Q9BTX1;Q9BTX1-4;Q9BTX1-3	HGSC	8	-2.881304334586726	NDC1	Nucleoporin NDC1
Q9BTY7	HGSC	8	-4.628980213191079	HGH1	Protein HGH1 homolog
Q9BU61;Q9BU61-2	HGSC	7	-2.1039587044781833	NDUFAF3	NADH dehydrogenase [ubiquinone] 1 alpha subcomplex assembly factor 3
Q9BUK6-7;Q9BUK6-3;Q9BUK6-2;Q9BUK6;Q9BUK6-5	EC	10	-2.742758583096534	MSTO1	Protein misato homolog 1
Q9BV86;Q9BV86-2	HGSC	7	-2.8132919938303176	NTMT1	N-terminal Xaa-Pro-Lys N-methyltransferase 1;N-terminal Xaa-Pro-Lys N-methyltransferase 1, N-terminally processed
Q9BWQ6	HGSC	8	-2.6370937194975492	YIPF2	Protein YIPF2
Q9BXD5;Q9BXD5-3;Q9BXD5-2;Q9BXD5-4;Q9BXD5-5	EC	7	-1.7192596437837635	NPL	N-acetylneuraminate lyase
Q9BXF6	HGSC	10	-3.387940649679955	RAB11FIP5	Rab11 family-interacting protein 5
Q9BXN1	EC	9	-2.618040523802021	ASPN	Asporin
Q9BXV9	HGSC	9	-2.61358260795468	C14orf142	Uncharacterized protein C14orf142
Q9BXW6;Q9BXW6-4;Q9BXW6-2	EC	9	-2.8555292471950775	OSBPL1A	Oxysterol-binding protein-related protein 1
Q9BY11	Fallopian	3	-0.424618348390954	PACSIN1	Protein kinase C and casein kinase substrate in neurons protein 1
Q9BY42	HGSC	8	-3.0029910219467317	RTFDC1	Protein RTF2 homolog
Q9BY50	EC	7	-1.3140108380538642	SEC11C	Signal peptidase complex catalytic subunit SEC11C
Q9BYN8	HGSC	7	-2.0635971532031303	MRPS26	28S ribosomal protein S26, mitochondrial
Q9BZE9;Q9BZE9-2;Q9BZE9-4;Q9BZE9-3	EC	7	-2.682251638628976	ASPSCR1	Tether containing UBX domain for GLUT4
Q9BZL6-2;Q9BZL6	HGSC	8	-2.779121925421328	PRKD2	Serine/threonine-protein kinase D2
Q9BZQ8	EC	8	-0.4874913842882762	FAM129A	Protein Niban
Q9C040;Q9C040-2	EC	10	-0.3516462851950746	TRIM2	Tripartite motif-containing protein 2
Q9GZP9	EC	7	-2.560779166532238	DERL2	Derlin-2
Q9GZU8	HGSC	7	-3.638035588508959	FAM192A	Protein FAM192A
Q9H019-2;Q9H019-3;Q9H019	EC	8	-3.0807498926506285	MTFR1L	Mitochondrial fission regulator 1-like
Q9H0L4	EC	7	-2.935881897212602	CSTF2T	Cleavage stimulation factor subunit 2 tau variant
Q9H0W5	HGSC	7	-5.443024117624066	CCDC8	Coiled-coil domain-containing protein 8
Q9H1A4	HGSC	7	-2.7402969143705973	ANAPC1	Anaphase-promoting complex subunit 1
Q9H1A7;Q9GZM3;P52435;Q9GZM3-2	HGSC	9	-3.643966560619128	POLR2J3;POLR2J2;POLR2J	DNA-directed RNA polymerase II subunit RPB11-b2;DNA-directed RNA polymerase II subunit RPB11-b1;DNA-directed RNA polymerase II subunit RPB11-a
Q9H1K1-2;Q9H1K1	HGSC	8	-1.9251883841267001	ISCU	Iron-sulfur cluster assembly enzyme ISCU, mitochondrial
Q9H2C0	EC	10	-1.3736955147486962	GAN	Gigaxonin
Q9H2H8;Q9H2H8-2	EC	7	-2.453587839621349	PPIL3	Peptidyl-prolyl cis-trans isomerase-like 3
Q9H2K8	EC	8	-3.0801458633015995	TAOK3	Serine/threonine-protein kinase TAO3
Q9H2V7-3;Q9H2V7-2;Q9H2V7;Q9H2V7-5;Q9H2V7-4	HGSC	7	-2.4077872280843264	SPNS1	Protein spinster homolog 1
Q9H3Q1;Q9H3Q1-2	HGSC	7	-1.6064293198342052	CDC42EP4	Cdc42 effector protein 4
Q9H4L5-2;Q9H4L5;Q9H4L5-4;Q9H4L5-3;Q9H4L5-6;Q9H4L5-5;Q9H4L5-8;Q9H4L5-7;Q9BZF3-2;Q9BZF3-4;Q9BZF3;Q9BZF3-3;Q9BZF3-5	HGSC	8	-1.6364447093282872	OSBPL3	Oxysterol-binding protein-related protein 3
Q9H6I2	EC	7	-2.1041642378414016	SOX17	Transcription factor SOX-17
Q9H6R4-4;Q9H6R4;Q9H6R4-2;Q9H6R4-3	HGSC	8	-2.7018193898030174	NOL6	Nucleolar protein 6
Q9H6S0	EC	8	-3.6491016687743847	YTHDC2	Probable ATP-dependent RNA helicase YTHDC2
Q9H6U8;Q9H6U8-3;Q9H6U8-2;Q9H6U8-4	Fallopian	3	-3.5964880106459454	ALG9	Alpha-1,2-mannosyltransferase ALG9
Q9H6V9;Q9H6V9-2;Q9H6V9-4;Q9H6V9-3	EC	7	-3.0576623629366018	C2orf43	UPF0554 protein C2orf43
Q9H773	EC	10	-1.8839383122044626	DCTPP1	dCTP pyrophosphatase 1
Q9H7D0;Q9H7D0-2	EC	8	-3.6823618105564173	DOCK5	Dedicator of cytokinesis protein 5
Q9H857-3;Q9H857-2;Q9H857;Q9H857-4	HGSC	9	-1.658584049307725	NT5DC2	5-nucleotidase domain-containing protein 2
Q9H8H2;Q9H8H2-4;Q9H8H2-2	EC	7	-3.1919964833375603	DDX31	Probable ATP-dependent RNA helicase DDX31
Q9H974-2;Q9H974-3;Q9H974;Q9H974-4	HGSC	7	-2.8640091417114797	QTRTD1	Queuine tRNA-ribosyltransferase subunit QTRTD1
Q9HAU0-5;Q9HAU0;Q9HAU0-2;Q9HAU0-4;Q9HAU0-6;Q9HAU0-8;Q9HAU0-3;Q9HAU0-7	EC	9	-0.8569182874594412	PLEKHA5	Pleckstrin homology domain-containing family A member 5
Q9HBI0;Q9HBI0-2;Q9HBI0-3;Q9HBI0-5	EC	7	-1.9321249343279427	PARVG	Gamma-parvin
Q9HC84	EC	9	3.586637698927525	MUC5B	Mucin-5B
Q9HCS7	HGSC	8	-2.7474417591403086	XAB2	Pre-mRNA-splicing factor SYF1
Q9HD26-2;Q9HD26;Q9HD26-3	HGSC	8	-2.5715252123236474	GOPC	Golgi-associated PDZ and coiled-coil motif-containing protein
Q9NP58-4;Q9NP58	EC	7	-2.8143531084621425	ABCB6	ATP-binding cassette sub-family B member 6, mitochondrial
Q9NP92	HGSC	8	-2.014748645716276	MRPS30	28S ribosomal protein S30, mitochondrial
Q9NPI6-2;Q9NPI6	HGSC	7	-2.883351647808032	DCP1A	mRNA-decapping enzyme 1A
Q9NQ66-2;Q9NQ66	EC	10	-1.7784882095589034	PLCB1	1-phosphatidylinositol 4,5-bisphosphate phosphodiesterase beta-1
Q9NQT5;Q9NQT5-2	HGSC	7	-2.0433137375644357	EXOSC3	Exosome complex component RRP40
Q9NQX3;Q9NQX3-2	EC	7	-3.231566263091372	GPHN	Gephyrin;Molybdopterin adenylyltransferase;Molybdopterin molybdenumtransferase
Q9NR09	EC	8	-2.4699217856402607	BIRC6	Baculoviral IAP repeat-containing protein 6
Q9NR99	HGSC	9	-2.2145977351653148	MXRA5	Matrix-remodeling-associated protein 5
Q9NRK6	Fallopian	4	-1.1337914172996175	ABCB10	ATP-binding cassette sub-family B member 10, mitochondrial
Q9NRX2	HGSC	9	-1.8617372694694012	MRPL17	39S ribosomal protein L17, mitochondrial
Q9NSB8-2;Q9NSC5-4;Q9NSC5-3;Q86YM7-3;Q86YM7-2;Q9NSC5-5;Q9NSB8;Q86YM7;Q9NSC5-2;Q9NSC5	EC	9	-4.774428917071597	HOMER2;HOMER3;HOMER1	Homer protein homolog 2;Homer protein homolog 3;Homer protein homolog 1
Q9NUP1	HGSC	7	-3.853519221974684	BLOC1S4	Biogenesis of lysosome-related organelles complex 1 subunit 4
Q9NUQ2	EC	7	-1.6311603896884235	AGPAT5	1-acyl-sn-glycerol-3-phosphate acyltransferase epsilon
Q9NUQ6-2;Q9NUQ6;Q9NUQ6-4;Q9NUQ6-3	HGSC	8	-1.9055992893341762	SPATS2L	SPATS2-like protein
Q9NVH0-2;Q9NVH0	HGSC	7	-4.153625178879486	EXD2	Exonuclease 3-5 domain-containing protein 2
Q9NVM9;Q9NVM9-2	EC	7	-2.565182540761522	ASUN	Protein asunder homolog
Q9NVS2-3;Q9NVS2;Q9NVS2-2	HGSC	7	-3.5319068887259797	MRPS18A	28S ribosomal protein S18a, mitochondrial
Q9NWS0;Q9NWS0-3	HGSC	7	-2.484562438106162	PIH1D1	PIH1 domain-containing protein 1
Q9NWS8;Q9NWS8-2;Q9NWS8-3	HGSC	7	-2.010438038456445	RMND1	Required for meiotic nuclear division protein 1 homolog
Q9NX02-5;Q9NX02;Q9NX02-2;Q9NX02-4;Q9NX02-3;Q8WX94;Q8WX94-2;Q8WX94-3	EC	7	-2.5125491083958935	NLRP2	NACHT, LRR and PYD domains-containing protein 2
Q9NXH9-2;Q9NXH9	HGSC	8	-1.5825939429540128	TRMT1	tRNA (guanine(26)-N(2))-dimethyltransferase
Q9NY15;Q9NY15-2	HGSC	8	-2.4560666181662154	STAB1	Stabilin-1
Q9NYK5;Q9NYK5-2	HGSC	9	-1.6462730098251965	MRPL39	39S ribosomal protein L39, mitochondrial
Q9NYL2-2	Fallopian	3	-2.0965493105772737	ZAK	Mitogen-activated protein kinase kinase kinase MLT
Q9P021	HGSC	8	-2.9752473400223263	CRIPT	Cysteine-rich PDZ-binding protein
Q9P0M9	HGSC	8	-2.7577684708809977	MRPL27	39S ribosomal protein L27, mitochondrial
Q9P0V3;Q9P0V3-2	EC	7	-3.974453278041495	SH3BP4	SH3 domain-binding protein 4
Q9P299	HGSC	8	-2.3169158594737147	COPZ2	Coatomer subunit zeta-2
Q9P2K5-2;Q9P2K5;Q9P2K5-3;Q9P2K5-4	EC	9	-1.388255154223887	MYEF2	Myelin expression factor 2
Q9UBF6;Q9UBF6-4	HGSC	7	-2.8739552345885335	RNF7	RING-box protein 2
Q9UBN7	EC	9	-2.2163531994364347	HDAC6	Histone deacetylase 6
Q9UBP6;Q9UBP6-2	HGSC	7	-3.5435719401286265	METTL1	tRNA (guanine-N(7)-)-methyltransferase
Q9UBU8-2;Q9UBU8;Q9UBU8-3	HGSC	7	-1.3676410672138257	MORF4L1	Mortality factor 4-like protein 1
Q9UD71;Q9UD71-2	EC	10	-0.1806135716033399	PPP1R1B	Protein phosphatase 1 regulatory subunit 1B
Q9UDY8-2;Q9UDY8	HGSC	7	-3.0759294842678444	MALT1	Mucosa-associated lymphoid tissue lymphoma translocation protein 1
Q9UFC0	HGSC	7	-2.715928050956094	LRWD1	Leucine-rich repeat and WD repeat-containing protein 1
Q9UGT4	HGSC	7	0.05023463905918809	SUSD2	Sushi domain-containing protein 2
Q9UGV2-3;Q9UGV2-2;Q9UGV2	HGSC	7	-1.9353522879588902	NDRG3	Protein NDRG3
Q9UHF7;Q9UHF7-3;Q9UHF7-2	EC	7	-4.984653593838772	TRPS1	Zinc finger transcription factor Trps1
Q9UHN6-2;Q9UHN6	EC	7	-1.4563117397087488	TMEM2	Transmembrane protein 2
Q9UHR4	HGSC	8	-2.1057765836476365	BAIAP2L1	Brain-specific angiogenesis inhibitor 1-associated protein 2-like protein 1
Q9UI08-5;Q9UI08-2	HGSC	7	-1.5026056727897152		
Q9UK55	EC	7	-3.0447149696299824	SERPINA10	Protein Z-dependent protease inhibitor
Q9UK61-3;Q9UK61-4;Q9UK61;Q9UK61-2	HGSC	7	-4.630874000870702	FAM208A	Protein FAM208A
Q9UKK6;Q9NPJ8;Q9NPJ8-2;Q9NPJ8-3;Q9NPJ8-4	HGSC	7	-4.154381802920471	NXT1;NXT2	NTF2-related export protein 1;NTF2-related export protein 2
Q9UKM7	HGSC	7	-2.6331035720575073	MAN1B1	Endoplasmic reticulum mannosyl-oligosaccharide 1,2-alpha-mannosidase
Q9ULR3	EC	9	-0.7438295805040348	PPM1H	Protein phosphatase 1H
Q9ULX3	HGSC	7	-3.7396657862885365	NOB1	RNA-binding protein NOB1
Q9UN81	HGSC	8	-2.5482728449872	L1RE1	LINE-1 retrotransposable element ORF1 protein
Q9UNE7;Q9UNE7-2	HGSC	8	-2.9943699135589354	STUB1	E3 ubiquitin-protein ligase CHIP
Q9UPN7	HGSC	9	-4.287599882387049	PPP6R1	Serine/threonine-protein phosphatase 6 regulatory subunit 1
Q9UPU7;Q9UPU7-2;Q9UPU7-3	EC	7	-3.8981347333984138	TBC1D2B	TBC1 domain family member 2B
Q9UQ03-2;Q9UQ03	Fallopian	3	-1.3288713449446103	CORO2B	Coronin-2B
Q9UQN3	EC	10	-2.2579989187410194	CHMP2B	Charged multivesicular body protein 2b
Q9Y296-2;Q9Y296	EC	7	-2.9806131328888563	TRAPPC4	Trafficking protein particle complex subunit 4
Q9Y2I8;Q9Y2I8-2;Q9Y2I8-3	EC	9	-2.679176812333405	WDR37	WD repeat-containing protein 37
Q9Y2K7-4;Q9Y2K7-5;Q9Y2K7-2;Q9Y2K7;Q9Y2K7-3	HGSC	7	-3.6179894925332143	KDM2A	Lysine-specific demethylase 2A
Q9Y2R4	HGSC	7	-2.3113968116721835	DDX52	Probable ATP-dependent RNA helicase DDX52
Q9Y2S7	HGSC	7	-1.826439118152537	POLDIP2	Polymerase delta-interacting protein 2
Q9Y2T3;Q9Y2T3-3;Q9Y2T3-2	EC	9	0.2619591177259497	GDA	Guanine deaminase
Q9Y2Z9-3;Q9Y2Z9;Q9Y2Z9-2	Fallopian	4	0.840278838452833	COQ6	Ubiquinone biosynthesis monooxygenase COQ6, mitochondrial
Q9Y312	HGSC	7	-2.677605069130415	AAR2	Protein AAR2 homolog
Q9Y314	EC	9	-2.1760589657838816	NOSIP	Nitric oxide synthase-interacting protein
Q9Y3B9	HGSC	9	-3.002026759283713	RRP15	RRP15-like protein
Q9Y3R5-2;Q9Y3R5	EC	7	-4.8383131254126335	DOPEY2	Protein dopey-2
Q9Y4D8-4;Q9Y4D8;Q9Y4D8-2;Q9Y4D8-3;Q9Y4D8-5	HGSC	7	-2.420906318010549	HECTD4	Probable E3 ubiquitin-protein ligase HECTD4
Q9Y4K1;Q9Y4K1-2	EC	7	-1.3519511080278908	AIM1	Absent in melanoma 1 protein
Q9Y618-5;Q9Y618-4;Q9Y618-3;Q9Y618;Q9Y618-2	Fallopian	3	-4.676569290397449	NCOR2	Nuclear receptor corepressor 2
Q9Y657;Q5JUX0;Q9BPZ2;Q99865	EC	8	-3.056182656777115	SPIN1;SPIN3	Spindlin-1;Spindlin-3
Q9Y666;Q9Y666-2	HGSC	7	-1.8774362355206746	SLC12A7	Solute carrier family 12 member 7
Q9Y6I9	EC	8	-3.169270178130786	TEX264	Testis-expressed sequence 264 protein
Q9Y6K0	EC	9	-3.67778737607238	CEPT1	Choline/ethanolaminephosphotransferase 1
Q9Y6K9;Q9Y6K9-2;Q9Y6K9-3	EC	7	-3.0367518465045316	IKBKG	NF-kappa-B essential modulator
Q9Y6R9	HGSC	7	-2.0636313567985014	CCDC61	Coiled-coil domain-containing protein 61
Q9Y6U3;Q9Y6U3-2;Q9Y6U3-3	HGSC	7	-1.9117730378732698	SCIN	Adseverin
Q9Y6Y0	EC	9	-1.1142941357447347	IVNS1ABP	Influenza virus NS1A-binding protein
